id_review,caption,relative_date,retrieval_date,rating,username,n_review_user,n_photo_user,url_user,url_source
ChZDSUhNMG9nS0VJQ0FnSURTN2ZHS2V3EAE,(Translated by Google) Good place to eat and clean  (Original) Buen sitio para comer y limpieza,3 days ago,2021-01-08 19:24:18.291486,4.0,Jon Mikel Cotorruelo,7,0,https://www.google.com/maps/contrib/114985739127159064631/reviews?hl=en-IT,"https://www.google.com/maps/place/El+TabanKo/@42.848117,-2.6741402,19z/data=!4m15!1m7!3m6!1s0xd4fc26be313bc85:0xb10d327c782f87fa!2sCorrer%C3%ADa+Kalea,+45,+01001+Gasteiz,+Araba!3b1!8m2!3d42.8480012!4d-2.6737255!3m6!1s0xd4fc26be26c5be1:0x5f5e0ee05fe08041!8m2!3d42.8481171!4d-2.6735931!9m1!1b1
"
ChZDSUhNMG9nS0VJQ0FnSURTbGJyNkV3EAE,,5 days ago,2021-01-08 19:24:18.292092,5.0,Leire Guerrero,1,0,https://www.google.com/maps/contrib/105537561972581918122/reviews?hl=en-IT,"https://www.google.com/maps/place/El+TabanKo/@42.848117,-2.6741402,19z/data=!4m15!1m7!3m6!1s0xd4fc26be313bc85:0xb10d327c782f87fa!2sCorrer%C3%ADa+Kalea,+45,+01001+Gasteiz,+Araba!3b1!8m2!3d42.8480012!4d-2.6737255!3m6!1s0xd4fc26be26c5be1:0x5f5e0ee05fe08041!8m2!3d42.8481171!4d-2.6735931!9m1!1b1
"
ChZDSUhNMG9nS0VJQ0FnSURTd2NTTlh3EAE,"(Translated by Google) I come very often, and as always impeccable service, food and atmosphere.  (Original) Vengo muy a menudo, y como siempre servicio, comida y ambiente impecable.",a week ago,2021-01-08 19:24:18.292686,5.0,Iratxe,8,0,https://www.google.com/maps/contrib/110662614919527933294/reviews?hl=en-IT,"https://www.google.com/maps/place/El+TabanKo/@42.848117,-2.6741402,19z/data=!4m15!1m7!3m6!1s0xd4fc26be313bc85:0xb10d327c782f87fa!2sCorrer%C3%ADa+Kalea,+45,+01001+Gasteiz,+Araba!3b1!8m2!3d42.8480012!4d-2.6737255!3m6!1s0xd4fc26be26c5be1:0x5f5e0ee05fe08041!8m2!3d42.8481171!4d-2.6735931!9m1!1b1
"
ChdDSUhNMG9nS0VJQ0FnSURTcHBfQjd3RRAB,,2 weeks ago,2021-01-08 19:24:18.293283,5.0,Ma EUGENIA ALONSO,1,0,https://www.google.com/maps/contrib/110469782850308297732/reviews?hl=en-IT,"https://www.google.com/maps/place/El+TabanKo/@42.848117,-2.6741402,19z/data=!4m15!1m7!3m6!1s0xd4fc26be313bc85:0xb10d327c782f87fa!2sCorrer%C3%ADa+Kalea,+45,+01001+Gasteiz,+Araba!3b1!8m2!3d42.8480012!4d-2.6737255!3m6!1s0xd4fc26be26c5be1:0x5f5e0ee05fe08041!8m2!3d42.8481171!4d-2.6735931!9m1!1b1
"
ChdDSUhNMG9nS0VJQ0FnSURTcHBQdTJBRRAB,(Translated by Google) I love this place for a snack and the service is very good.  (Original) Me encanta este sitio para picar algo y la atención es muy buena.,2 weeks ago,2021-01-08 19:24:18.295482,5.0,Luis Pedron,0,0,https://www.google.com/maps/contrib/102693698482994301654/reviews?hl=en-IT,"https://www.google.com/maps/place/El+TabanKo/@42.848117,-2.6741402,19z/data=!4m15!1m7!3m6!1s0xd4fc26be313bc85:0xb10d327c782f87fa!2sCorrer%C3%ADa+Kalea,+45,+01001+Gasteiz,+Araba!3b1!8m2!3d42.8480012!4d-2.6737255!3m6!1s0xd4fc26be26c5be1:0x5f5e0ee05fe08041!8m2!3d42.8481171!4d-2.6735931!9m1!1b1
"
ChZDSUhNMG9nS0VJQ0FnSURTcG9UZldnEAE,(Translated by Google) Perfect!! As usual. The delicious food and the super waiter  (Original) Perfecto!! Como siempre. La comida riquísima y el camarero super,2 weeks ago,2021-01-08 19:24:18.296611,5.0,Elena Vargas,1,0,https://www.google.com/maps/contrib/117901836596241723069/reviews?hl=en-IT,"https://www.google.com/maps/place/El+TabanKo/@42.848117,-2.6741402,19z/data=!4m15!1m7!3m6!1s0xd4fc26be313bc85:0xb10d327c782f87fa!2sCorrer%C3%ADa+Kalea,+45,+01001+Gasteiz,+Araba!3b1!8m2!3d42.8480012!4d-2.6737255!3m6!1s0xd4fc26be26c5be1:0x5f5e0ee05fe08041!8m2!3d42.8481171!4d-2.6735931!9m1!1b1
"
ChZDSUhNMG9nS0VJQ0FnSURTdXAyREdnEAE,"(Translated by Google) We have been super good ... the food is great, and the treatment ... more  (Original) Hemos estado súper  bien...la comida es estupenda, y el trato...más",2 weeks ago,2021-01-08 19:24:18.297374,5.0,Ana,5,0,https://www.google.com/maps/contrib/111884146238032599816/reviews?hl=en-IT,"https://www.google.com/maps/place/El+TabanKo/@42.848117,-2.6741402,19z/data=!4m15!1m7!3m6!1s0xd4fc26be313bc85:0xb10d327c782f87fa!2sCorrer%C3%ADa+Kalea,+45,+01001+Gasteiz,+Araba!3b1!8m2!3d42.8480012!4d-2.6737255!3m6!1s0xd4fc26be26c5be1:0x5f5e0ee05fe08041!8m2!3d42.8481171!4d-2.6735931!9m1!1b1
"
ChZDSUhNMG9nS0VJQ0FnSURTdXNxMlR3EAE,(Translated by Google) Some Marianos with some txopitos and a piripi ... Agusto agusto .... A joy in the new normal.  (Original) Unos marianos con unos txopitos y un piripi... Agusto agusto.... Una gozada en la nueva normalidad.,2 weeks ago,2021-01-08 19:24:18.298138,5.0,Gabi Arkaute,0,0,https://www.google.com/maps/contrib/110781795691839266447/reviews?hl=en-IT,"https://www.google.com/maps/place/El+TabanKo/@42.848117,-2.6741402,19z/data=!4m15!1m7!3m6!1s0xd4fc26be313bc85:0xb10d327c782f87fa!2sCorrer%C3%ADa+Kalea,+45,+01001+Gasteiz,+Araba!3b1!8m2!3d42.8480012!4d-2.6737255!3m6!1s0xd4fc26be26c5be1:0x5f5e0ee05fe08041!8m2!3d42.8481171!4d-2.6735931!9m1!1b1
"
ChdDSUhNMG9nS0VJQ0FnSUNpNXUzRDdnRRAB,,2 months ago,2021-01-08 19:24:18.298905,4.0,Przemyslaw Olesinski,7,0,https://www.google.com/maps/contrib/105139943840972974767/reviews?hl=en-IT,"https://www.google.com/maps/place/El+TabanKo/@42.848117,-2.6741402,19z/data=!4m15!1m7!3m6!1s0xd4fc26be313bc85:0xb10d327c782f87fa!2sCorrer%C3%ADa+Kalea,+45,+01001+Gasteiz,+Araba!3b1!8m2!3d42.8480012!4d-2.6737255!3m6!1s0xd4fc26be26c5be1:0x5f5e0ee05fe08041!8m2!3d42.8481171!4d-2.6735931!9m1!1b1
"
ChdDSUhNMG9nS0VJQ0FnSUNpaUxYLXl3RRAB,,2 months ago,2021-01-08 19:24:18.299670,5.0,Francisco Conejo Berbetoros,0,0,https://www.google.com/maps/contrib/113642552208329434595/reviews?hl=en-IT,"https://www.google.com/maps/place/El+TabanKo/@42.848117,-2.6741402,19z/data=!4m15!1m7!3m6!1s0xd4fc26be313bc85:0xb10d327c782f87fa!2sCorrer%C3%ADa+Kalea,+45,+01001+Gasteiz,+Araba!3b1!8m2!3d42.8480012!4d-2.6737255!3m6!1s0xd4fc26be26c5be1:0x5f5e0ee05fe08041!8m2!3d42.8481171!4d-2.6735931!9m1!1b1
"
ChdDSUhNMG9nS0VJQ0FnSUNpMFBEZy1nRRAB,(Translated by Google) Very very good all quality price is great. ... I will always return. The rikisimo dogfish 👍  (Original) Muy muy bueno todo.calidad precio esta genial. ...yo volveré siempre. El cazón rikisimo 👍,2 months ago,2021-01-08 19:24:18.300437,5.0,carmen sosa,10,0,https://www.google.com/maps/contrib/107476281974351369375/reviews?hl=en-IT,"https://www.google.com/maps/place/El+TabanKo/@42.848117,-2.6741402,19z/data=!4m15!1m7!3m6!1s0xd4fc26be313bc85:0xb10d327c782f87fa!2sCorrer%C3%ADa+Kalea,+45,+01001+Gasteiz,+Araba!3b1!8m2!3d42.8480012!4d-2.6737255!3m6!1s0xd4fc26be26c5be1:0x5f5e0ee05fe08041!8m2!3d42.8481171!4d-2.6735931!9m1!1b1
"
ChdDSUhNMG9nS0VJQ0FnSURDOTYtOTRBRRAB,"(Translated by Google) We went to eat after having a fall in the street, they behaved phenomenally, they notified the emergency room and it was all very easy. Unfortunately we were only able to eat the first course, which was exquisite. Thank you very much for everything  (Original) Fuimos a comer después de tener una caída en la calle, se portaron fenomenal, avisaron a emergencias y fue todo muy fácil. Desgraciadamente solo pudimos picar del primer plato que estaba exquisito. Muchísimas gracias por todo",2 months ago,2021-01-08 19:24:18.301205,5.0,Pilar Agudo Fonollosa,1,0,https://www.google.com/maps/contrib/117208389955360588469/reviews?hl=en-IT,"https://www.google.com/maps/place/El+TabanKo/@42.848117,-2.6741402,19z/data=!4m15!1m7!3m6!1s0xd4fc26be313bc85:0xb10d327c782f87fa!2sCorrer%C3%ADa+Kalea,+45,+01001+Gasteiz,+Araba!3b1!8m2!3d42.8480012!4d-2.6737255!3m6!1s0xd4fc26be26c5be1:0x5f5e0ee05fe08041!8m2!3d42.8481171!4d-2.6735931!9m1!1b1
"
ChdDSUhNMG9nS0VJQ0FnSURDbTdUSXJRRRAB,,2 months ago,2021-01-08 19:24:18.301881,4.0,Javi Gonzsan,0,0,https://www.google.com/maps/contrib/104223811176267538750/reviews?hl=en-IT,"https://www.google.com/maps/place/El+TabanKo/@42.848117,-2.6741402,19z/data=!4m15!1m7!3m6!1s0xd4fc26be313bc85:0xb10d327c782f87fa!2sCorrer%C3%ADa+Kalea,+45,+01001+Gasteiz,+Araba!3b1!8m2!3d42.8480012!4d-2.6737255!3m6!1s0xd4fc26be26c5be1:0x5f5e0ee05fe08041!8m2!3d42.8481171!4d-2.6735931!9m1!1b1
"
ChdDSUhNMG9nS0VJQ0FnSURDN3ZIVF9RRRAB,(Translated by Google) We have had the tasting menu twice for dinner (€ 30) and we love the crew. The supreme oxtail for highlighting something.  (Original) Hemos cenado ya dos veces el menú degustación (30€) y nos encanta a la cuadrilla. El rabo de toro supremo por destacar algo.,3 months ago,2021-01-08 19:24:18.303138,5.0,Unai Casado,0,0,https://www.google.com/maps/contrib/116138401134920790725/reviews?hl=en-IT,"https://www.google.com/maps/place/El+TabanKo/@42.848117,-2.6741402,19z/data=!4m15!1m7!3m6!1s0xd4fc26be313bc85:0xb10d327c782f87fa!2sCorrer%C3%ADa+Kalea,+45,+01001+Gasteiz,+Araba!3b1!8m2!3d42.8480012!4d-2.6737255!3m6!1s0xd4fc26be26c5be1:0x5f5e0ee05fe08041!8m2!3d42.8481171!4d-2.6735931!9m1!1b1
"
ChdDSUhNMG9nS0VJQ0FnSURDcnFHaXdRRRAB,"(Translated by Google) Well prepared food and correct price. Menu 21 euros, September 2020  (Original) Comida bien preparada y precio correcto. Menú 21 euros, septiembre 2020",3 months ago,2021-01-08 19:24:18.303883,4.0,Miguel Angel Serantes,0,0,https://www.google.com/maps/contrib/108653430669195735653/reviews?hl=en-IT,"https://www.google.com/maps/place/El+TabanKo/@42.848117,-2.6741402,19z/data=!4m15!1m7!3m6!1s0xd4fc26be313bc85:0xb10d327c782f87fa!2sCorrer%C3%ADa+Kalea,+45,+01001+Gasteiz,+Araba!3b1!8m2!3d42.8480012!4d-2.6737255!3m6!1s0xd4fc26be26c5be1:0x5f5e0ee05fe08041!8m2!3d42.8481171!4d-2.6735931!9m1!1b1
"
ChdDSUhNMG9nS0VJQ0FnSURDOXF5VHNBRRAB,(Translated by Google) It is the first time that I visited it and I will surely repeat. Very good quality price. Exquisite attention.  (Original) Es la primera vez que lo visitó y seguro que repetiré. Muy buena calidad precio. Atención  exquisita.,3 months ago,2021-01-08 19:24:18.304644,5.0,José Luis Gonzalez,7,0,https://www.google.com/maps/contrib/108093072292650651295/reviews?hl=en-IT,"https://www.google.com/maps/place/El+TabanKo/@42.848117,-2.6741402,19z/data=!4m15!1m7!3m6!1s0xd4fc26be313bc85:0xb10d327c782f87fa!2sCorrer%C3%ADa+Kalea,+45,+01001+Gasteiz,+Araba!3b1!8m2!3d42.8480012!4d-2.6737255!3m6!1s0xd4fc26be26c5be1:0x5f5e0ee05fe08041!8m2!3d42.8481171!4d-2.6735931!9m1!1b1
"
ChdDSUhNMG9nS0VJQ0FnSURDdHUtVXRRRRAB,(Translated by Google) We ate very well menu of the day  (Original) Comimos muy bien menú del dia,3 months ago,2021-01-08 19:24:18.305338,4.0,Juncal p,0,0,https://www.google.com/maps/contrib/107159633767095920942/reviews?hl=en-IT,"https://www.google.com/maps/place/El+TabanKo/@42.848117,-2.6741402,19z/data=!4m15!1m7!3m6!1s0xd4fc26be313bc85:0xb10d327c782f87fa!2sCorrer%C3%ADa+Kalea,+45,+01001+Gasteiz,+Araba!3b1!8m2!3d42.8480012!4d-2.6737255!3m6!1s0xd4fc26be26c5be1:0x5f5e0ee05fe08041!8m2!3d42.8481171!4d-2.6735931!9m1!1b1
"
ChdDSUhNMG9nS0VJQ0FnSURDc3ZYdTFRRRAB,"(Translated by Google) Great place to eat. The menu of the day on Sunday for € 19.90 and everything is delicious. They also give you a cheaper seafood option for taking the menu Excellent treatment, and many hygiene measures that at this time is very important  (Original) Sitio estupendo para comer. El menú del día en domingo por 19,90€ y todo riquiiiiiiiisimo. Además te dan opción a marisquito más barato por coger el menú Trato excelente, y muchas medidas de higiene que en estos momentos es muy importante",3 months ago,2021-01-08 19:24:18.306018,5.0,Edurne Martin,0,0,https://www.google.com/maps/contrib/115554799647044492822/reviews?hl=en-IT,"https://www.google.com/maps/place/El+TabanKo/@42.848117,-2.6741402,19z/data=!4m15!1m7!3m6!1s0xd4fc26be313bc85:0xb10d327c782f87fa!2sCorrer%C3%ADa+Kalea,+45,+01001+Gasteiz,+Araba!3b1!8m2!3d42.8480012!4d-2.6737255!3m6!1s0xd4fc26be26c5be1:0x5f5e0ee05fe08041!8m2!3d42.8481171!4d-2.6735931!9m1!1b1
"
ChdDSUhNMG9nS0VJQ0FnSURDa3ZMeXpRRRAB,"(Translated by Google) All great, good presentation and very friendly. I will repeat for sure  (Original) Todo buenísimo, buena presentación y muy amables. Repetiré seguro",3 months ago,2021-01-08 19:24:18.306688,5.0,Almudena Pydod,6,0,https://www.google.com/maps/contrib/105330793402092906154/reviews?hl=en-IT,"https://www.google.com/maps/place/El+TabanKo/@42.848117,-2.6741402,19z/data=!4m15!1m7!3m6!1s0xd4fc26be313bc85:0xb10d327c782f87fa!2sCorrer%C3%ADa+Kalea,+45,+01001+Gasteiz,+Araba!3b1!8m2!3d42.8480012!4d-2.6737255!3m6!1s0xd4fc26be26c5be1:0x5f5e0ee05fe08041!8m2!3d42.8481171!4d-2.6735931!9m1!1b1
"
ChZDSUhNMG9nS0VJQ0FnSURDNHVXb1BnEAE,,3 months ago,2021-01-08 19:24:18.307422,4.0,Daphne Aberasturi,0,0,https://www.google.com/maps/contrib/114701010668694584003/reviews?hl=en-IT,"https://www.google.com/maps/place/El+TabanKo/@42.848117,-2.6741402,19z/data=!4m15!1m7!3m6!1s0xd4fc26be313bc85:0xb10d327c782f87fa!2sCorrer%C3%ADa+Kalea,+45,+01001+Gasteiz,+Araba!3b1!8m2!3d42.8480012!4d-2.6737255!3m6!1s0xd4fc26be26c5be1:0x5f5e0ee05fe08041!8m2!3d42.8481171!4d-2.6735931!9m1!1b1
"
ChZDSUhNMG9nS0VJQ0FnSURTczhpaFNBEAE,😍😍,10 hours ago,2021-01-08 19:24:35.413795,5.0,Joaquin Bueno Vaquerizo,0,0,https://www.google.com/maps/contrib/100777250509227319266/reviews?hl=en-IT,"https://www.google.es/maps/place/Alcazaba+de+Badajoz/@38.8838882,-6.9704566,17z/data=!4m7!3m6!1s0xd16e435eeb32fd5:0x9ee731b4e09cdf91!8m2!3d38.8838882!4d-6.9682679!9m1!1b1
"
ChZDSUhNMG9nS0VJQ0FnSURTNDdIa0dBEAE,,a day ago,2021-01-08 19:24:35.414439,5.0,charo rojas guera,0,0,https://www.google.com/maps/contrib/104060905823794190426/reviews?hl=en-IT,"https://www.google.es/maps/place/Alcazaba+de+Badajoz/@38.8838882,-6.9704566,17z/data=!4m7!3m6!1s0xd16e435eeb32fd5:0x9ee731b4e09cdf91!8m2!3d38.8838882!4d-6.9682679!9m1!1b1
"
ChZDSUhNMG9nS0VJQ0FnSURTNF9pbVNnEAE,Está súper mal cuidada y maltratada,a day ago,2021-01-08 19:24:35.415039,1.0,Uve Maya Bejarano,0,0,https://www.google.com/maps/contrib/112920232252873462309/reviews?hl=en-IT,"https://www.google.es/maps/place/Alcazaba+de+Badajoz/@38.8838882,-6.9704566,17z/data=!4m7!3m6!1s0xd16e435eeb32fd5:0x9ee731b4e09cdf91!8m2!3d38.8838882!4d-6.9682679!9m1!1b1
"
ChZDSUhNMG9nS0VJQ0FnSUNNazdQblFREAE,,a day ago,2021-01-08 19:24:35.415625,5.0,Munic. Javi,0,0,https://www.google.com/maps/contrib/110324786365741137277/reviews?hl=en-IT,"https://www.google.es/maps/place/Alcazaba+de+Badajoz/@38.8838882,-6.9704566,17z/data=!4m7!3m6!1s0xd16e435eeb32fd5:0x9ee731b4e09cdf91!8m2!3d38.8838882!4d-6.9682679!9m1!1b1
"
ChZDSUhNMG9nS0VJQ0FnSURTN2ZTclZBEAE,"(Translated by Google) It was super nice, we came to see Jupiter and Saturn that day they came to see us, and that's how it was, it could be seen perfectly, from our beautiful Alcazaba in Badajoz.  (Original) Fue súper bonito, vinimos a ver Jupiter y Saturno que ese día se acercaron para vernos, y así fue, se veía perfectamente, desde nuestra preciosa Alcazaba en Badajoz.",3 days ago,2021-01-08 19:24:35.416213,5.0,Raquel Rico Blanco,0,0,https://www.google.com/maps/contrib/110550612299385891706/reviews?hl=en-IT,"https://www.google.es/maps/place/Alcazaba+de+Badajoz/@38.8838882,-6.9704566,17z/data=!4m7!3m6!1s0xd16e435eeb32fd5:0x9ee731b4e09cdf91!8m2!3d38.8838882!4d-6.9682679!9m1!1b1
"
ChdDSUhNMG9nS0VJQ0FnSURTemJIUHlnRRAB,"(Translated by Google) Spectacular, the largest walled enclosure in Europe. Go through it during the day, seeing the whole city and the Guadiana River. Seeing a sunset from there is indescribable. Unrepeatable.  (Original) Espectacular, el recinto amurallado más grande de Europa. Recorrerlo de día, viendo toda la ciudad y el río Guadiana. Ver un atardecer desde allí, es indescriptible. Irrepetible.",3 days ago,2021-01-08 19:24:35.416802,5.0,Fernando Díaz-Pinés Mansilla,0,0,https://www.google.com/maps/contrib/107806546271716305704/reviews?hl=en-IT,"https://www.google.es/maps/place/Alcazaba+de+Badajoz/@38.8838882,-6.9704566,17z/data=!4m7!3m6!1s0xd16e435eeb32fd5:0x9ee731b4e09cdf91!8m2!3d38.8838882!4d-6.9682679!9m1!1b1
"
ChdDSUhNMG9nS0VJQ0FnSURTemQ3UjJBRRAB,,3 days ago,2021-01-08 19:24:35.417437,4.0,Guillermo Osorio,0,0,https://www.google.com/maps/contrib/109135511619633318486/reviews?hl=en-IT,"https://www.google.es/maps/place/Alcazaba+de+Badajoz/@38.8838882,-6.9704566,17z/data=!4m7!3m6!1s0xd16e435eeb32fd5:0x9ee731b4e09cdf91!8m2!3d38.8838882!4d-6.9682679!9m1!1b1
"
ChdDSUhNMG9nS0VJQ0FnSURTamM3aDdBRRAB,,4 days ago,2021-01-08 19:24:35.418091,5.0,María Romero Pérez,0,0,https://www.google.com/maps/contrib/110528611324495072232/reviews?hl=en-IT,"https://www.google.es/maps/place/Alcazaba+de+Badajoz/@38.8838882,-6.9704566,17z/data=!4m7!3m6!1s0xd16e435eeb32fd5:0x9ee731b4e09cdf91!8m2!3d38.8838882!4d-6.9682679!9m1!1b1
"
ChZDSUhNMG9nS0VJQ0FnSURTOVozRE13EAE,,4 days ago,2021-01-08 19:24:35.418670,4.0,Ana Baptista,1,0,https://www.google.com/maps/contrib/111971492805011506134/reviews?hl=en-IT,"https://www.google.es/maps/place/Alcazaba+de+Badajoz/@38.8838882,-6.9704566,17z/data=!4m7!3m6!1s0xd16e435eeb32fd5:0x9ee731b4e09cdf91!8m2!3d38.8838882!4d-6.9682679!9m1!1b1
"
ChZDSUhNMG9nS0VJQ0FnSURTdFl5WUV3EAE,"(Translated by Google) A spectacular space, one of the most emblematic monuments of Badajoz, a must-see.  (Original) Un espacio espectacular, uno de los monumentos más emblemáticos de Badajoz, de obligada visita.",4 days ago,2021-01-08 19:24:35.419252,5.0,Iván VG,9,0,https://www.google.com/maps/contrib/106732931869574234358/reviews?hl=en-IT,"https://www.google.es/maps/place/Alcazaba+de+Badajoz/@38.8838882,-6.9704566,17z/data=!4m7!3m6!1s0xd16e435eeb32fd5:0x9ee731b4e09cdf91!8m2!3d38.8838882!4d-6.9682679!9m1!1b1
"
ChZDSUhNMG9nS0VJQ0FnSURTeGNQblRREAE,"(Translated by Google) Nice return to the wall. If you go on a sunny autumn, winter or spring day, it is a walk and then you can have anything in the bars of or the high plate, that of Porrina, San Juan or any of those of x there on a terrace  (Original) Bonita vuelta a la muralla. Si vas un día de otoño, invierno o primavera soleado es un paseo y luego puedes tomarte cualquier cosa en los bares de o la placa alta, la del Porrina, San Juan o cualquiera de las de x ahí en una terraza",6 days ago,2021-01-08 19:24:41.696180,4.0,Carlos A,0,0,https://www.google.com/maps/contrib/111015814394171178774/reviews?hl=en-IT,"https://www.google.es/maps/place/Alcazaba+de+Badajoz/@38.8838882,-6.9704566,17z/data=!4m7!3m6!1s0xd16e435eeb32fd5:0x9ee731b4e09cdf91!8m2!3d38.8838882!4d-6.9682679!9m1!1b1
"
ChZDSUhNMG9nS0VJQ0FnSURTeGNYcEp3EAE,,6 days ago,2021-01-08 19:24:41.696821,5.0,Rafa moreno,0,0,https://www.google.com/maps/contrib/108107056278983406275/reviews?hl=en-IT,"https://www.google.es/maps/place/Alcazaba+de+Badajoz/@38.8838882,-6.9704566,17z/data=!4m7!3m6!1s0xd16e435eeb32fd5:0x9ee731b4e09cdf91!8m2!3d38.8838882!4d-6.9682679!9m1!1b1
"
ChdDSUhNMG9nS0VJQ0FnSURTeGE3T3J3RRAB,,6 days ago,2021-01-08 19:24:41.697409,5.0,Julian Gonzalez Rico,1,0,https://www.google.com/maps/contrib/108393700434100100091/reviews?hl=en-IT,"https://www.google.es/maps/place/Alcazaba+de+Badajoz/@38.8838882,-6.9704566,17z/data=!4m7!3m6!1s0xd16e435eeb32fd5:0x9ee731b4e09cdf91!8m2!3d38.8838882!4d-6.9682679!9m1!1b1
"
ChZDSUhNMG9nS0VJQ0FnSURTeGRES09nEAE,"(Translated by Google) Spectacular Alcazaba, with impressive views, and incalculable potential for new excavations, to see when it closes at night and hooliganism is prevented.  (Original) Alcazaba espectacular, con unas vistas impresionantes, y un potencial en nuevas excavaciones incalculable, a ver cuando se cierra nocturnamente y se impide el gamberrismo.",6 days ago,2021-01-08 19:24:41.697997,4.0,Severiano Teodoro Gadea,19,0,https://www.google.com/maps/contrib/110681645185132331904/reviews?hl=en-IT,"https://www.google.es/maps/place/Alcazaba+de+Badajoz/@38.8838882,-6.9704566,17z/data=!4m7!3m6!1s0xd16e435eeb32fd5:0x9ee731b4e09cdf91!8m2!3d38.8838882!4d-6.9682679!9m1!1b1
"
ChdDSUhNMG9nS0VJQ0FnSURTdVpYMnV3RRAB,,a week ago,2021-01-08 19:24:41.698585,5.0,Antonia Ortega Hernandez,0,0,https://www.google.com/maps/contrib/108667585384015011461/reviews?hl=en-IT,"https://www.google.es/maps/place/Alcazaba+de+Badajoz/@38.8838882,-6.9704566,17z/data=!4m7!3m6!1s0xd16e435eeb32fd5:0x9ee731b4e09cdf91!8m2!3d38.8838882!4d-6.9682679!9m1!1b1
"
ChdDSUhNMG9nS0VJQ0FnSURTbWEzOXRBRRAB,,a week ago,2021-01-08 19:24:41.699170,5.0,MARIA DOLORES DIAZ BECERRA,1,0,https://www.google.com/maps/contrib/108279827983744232278/reviews?hl=en-IT,"https://www.google.es/maps/place/Alcazaba+de+Badajoz/@38.8838882,-6.9704566,17z/data=!4m7!3m6!1s0xd16e435eeb32fd5:0x9ee731b4e09cdf91!8m2!3d38.8838882!4d-6.9682679!9m1!1b1
"
ChZDSUhNMG9nS0VJQ0FnSURTbWN6bWNREAE,,a week ago,2021-01-08 19:24:41.699758,5.0,Pedro Manuel Rodriguez,0,0,https://www.google.com/maps/contrib/116956016885115728735/reviews?hl=en-IT,"https://www.google.es/maps/place/Alcazaba+de+Badajoz/@38.8838882,-6.9704566,17z/data=!4m7!3m6!1s0xd16e435eeb32fd5:0x9ee731b4e09cdf91!8m2!3d38.8838882!4d-6.9682679!9m1!1b1
"
ChZDSUhNMG9nS0VJQ0FnSURTbWVEOWZnEAE,(Translated by Google) Very well attended  (Original) Muy bien atendido,a week ago,2021-01-08 19:24:41.700346,4.0,Rangelito,6,0,https://www.google.com/maps/contrib/116759880984190071381/reviews?hl=en-IT,"https://www.google.es/maps/place/Alcazaba+de+Badajoz/@38.8838882,-6.9704566,17z/data=!4m7!3m6!1s0xd16e435eeb32fd5:0x9ee731b4e09cdf91!8m2!3d38.8838882!4d-6.9682679!9m1!1b1
"
ChZDSUhNMG9nS0VJQ0FnSURTNlphNmNBEAE,(Translated by Google) Magnifies  (Original) Magnifica,a week ago,2021-01-08 19:24:41.700933,5.0,juan jose Toresano,0,0,https://www.google.com/maps/contrib/112175946544992412384/reviews?hl=en-IT,"https://www.google.es/maps/place/Alcazaba+de+Badajoz/@38.8838882,-6.9704566,17z/data=!4m7!3m6!1s0xd16e435eeb32fd5:0x9ee731b4e09cdf91!8m2!3d38.8838882!4d-6.9682679!9m1!1b1
"
ChdDSUhNMG9nS0VJQ0FnSURTcVpfYjN3RRAB,,a week ago,2021-01-08 19:24:41.701517,5.0,Dani Jimac,3,0,https://www.google.com/maps/contrib/113885017699659432691/reviews?hl=en-IT,"https://www.google.es/maps/place/Alcazaba+de+Badajoz/@38.8838882,-6.9704566,17z/data=!4m7!3m6!1s0xd16e435eeb32fd5:0x9ee731b4e09cdf91!8m2!3d38.8838882!4d-6.9682679!9m1!1b1
"
ChZDSUhNMG9nS0VJQ0FnSURTazlTR2F3EAE,,a day ago,2021-01-08 19:24:58.780483,5.0,Anastasia Ruseva,0,0,https://www.google.com/maps/contrib/115505935404741465420/reviews?hl=en-IT,"https://www.google.it/maps/place/Pantheon/@41.8986108,12.4746842,17z/data=!3m1!4b1!4m7!3m6!1s0x132f604f678640a9:0xcad165fa2036ce2c!8m2!3d41.8986108!4d12.4768729!9m1!1b1
"
ChZDSUhNMG9nS0VJQ0FnSURTNDZPWUtREAE,,a day ago,2021-01-08 19:24:58.781112,5.0,Luay Alamir,0,0,https://www.google.com/maps/contrib/110129297403577934662/reviews?hl=en-IT,"https://www.google.it/maps/place/Pantheon/@41.8986108,12.4746842,17z/data=!3m1!4b1!4m7!3m6!1s0x132f604f678640a9:0xcad165fa2036ce2c!8m2!3d41.8986108!4d12.4768729!9m1!1b1
"
ChZDSUhNMG9nS0VJQ0FnSUNzNTVURmR3EAE,"Il Pantheon, in latino classico Pantheum, è un edificio della Roma antica situato nel rione Pigna nel centro storico,costruito come tempio dedicato a tutte le divinità passate, presenti e future. Fu fondato nel a.C dall'arpinate Marco Vipsanio Agrippa, genero di Augusto. 😘",a day ago,2021-01-08 19:24:58.781727,5.0,Sebastiano Calabrò,0,0,https://www.google.com/maps/contrib/112260526016750623378/reviews?hl=en-IT,"https://www.google.it/maps/place/Pantheon/@41.8986108,12.4746842,17z/data=!3m1!4b1!4m7!3m6!1s0x132f604f678640a9:0xcad165fa2036ce2c!8m2!3d41.8986108!4d12.4768729!9m1!1b1
"
ChdDSUhNMG9nS0VJQ0FnSURTdzgyeHFBRRAB,,a day ago,2021-01-08 19:24:58.782343,5.0,Cynthia Clstudio,0,0,https://www.google.com/maps/contrib/105528923212033756518/reviews?hl=en-IT,"https://www.google.it/maps/place/Pantheon/@41.8986108,12.4746842,17z/data=!3m1!4b1!4m7!3m6!1s0x132f604f678640a9:0xcad165fa2036ce2c!8m2!3d41.8986108!4d12.4768729!9m1!1b1
"
ChdDSUhNMG9nS0VJQ0FnSURTdzc2WGtRRRAB,"(Translated by Google) In ancient Greek Pántheon [hierón] means [temple] of all the gods, while in classical Latin it is called Pantheum. The Pantheon was founded in 27 BC. by Marco Vipsiano Agrippa, son-in-law of Augustus, who entrusted the construction to Lucio Cocceio Aucto for a temple dedicated to all past, present and future divinities. After the fires of 80 and 110 AD had damaged the original construction from the Augustan age, the emperor Hadrian had it rebuilt between 120 and 124 AD.  (Original) In greco antico Pántheon [hierón] significa [tempio] di tutti gli dei, mentre in latino classico viene denominato Pantheum. Il Pantheon venne fondato nel 27 a.C. da Marco Vipsiano Agrippa, genero di Augusto, il quale affidò la realizzazione a Lucio Cocceio Aucto per un tempio dedicato a tutte le divinità passate, presenti e future. Dopo che gli incendi dell'80 e del 110 d.C. avevano danneggiato la costruzione originale di età augustea, l’imperatore Adriano lo fece ricostruire tra il 120 e il 124 d.C.",a day ago,2021-01-08 19:24:58.782957,5.0,Patrizia Scarlett Pelliccioni,0,0,https://www.google.com/maps/contrib/118114287321291785104/reviews?hl=en-IT,"https://www.google.it/maps/place/Pantheon/@41.8986108,12.4746842,17z/data=!3m1!4b1!4m7!3m6!1s0x132f604f678640a9:0xcad165fa2036ce2c!8m2!3d41.8986108!4d12.4768729!9m1!1b1
"
ChZDSUhNMG9nS0VJQ0FnSURTdzZ5YlB3EAE,,a day ago,2021-01-08 19:24:58.783570,5.0,Massimiliano Ciufo,0,0,https://www.google.com/maps/contrib/101555560933507417656/reviews?hl=en-IT,"https://www.google.it/maps/place/Pantheon/@41.8986108,12.4746842,17z/data=!3m1!4b1!4m7!3m6!1s0x132f604f678640a9:0xcad165fa2036ce2c!8m2!3d41.8986108!4d12.4768729!9m1!1b1
"
ChZDSUhNMG9nS0VJQ0FnSURTX1pIZk93EAE,Great.,2 days ago,2021-01-08 19:24:58.784181,5.0,דניאלה דהאן,0,0,https://www.google.com/maps/contrib/116644138322002800703/reviews?hl=en-IT,"https://www.google.it/maps/place/Pantheon/@41.8986108,12.4746842,17z/data=!3m1!4b1!4m7!3m6!1s0x132f604f678640a9:0xcad165fa2036ce2c!8m2!3d41.8986108!4d12.4768729!9m1!1b1
"
ChZDSUhNMG9nS0VJQ0FnSURTX2RLaFhnEAE,(Translated by Google) One of the next must see places in the city.  (Original) Jeden z kolejnych obowiązkowych miejsc do zobaczenia w mieście.,2 days ago,2021-01-08 19:24:58.784787,5.0,Ariel Kamiński,0,0,https://www.google.com/maps/contrib/108299545133937275242/reviews?hl=en-IT,"https://www.google.it/maps/place/Pantheon/@41.8986108,12.4746842,17z/data=!3m1!4b1!4m7!3m6!1s0x132f604f678640a9:0xcad165fa2036ce2c!8m2!3d41.8986108!4d12.4768729!9m1!1b1
"
ChZDSUhNMG9nS0VJQ0FnSURTblp6WU9REAE,"(Translated by Google) Amazing building, worth going inside.  (Original) Niesamowita budowla, warto wejść do środka.",3 days ago,2021-01-08 19:24:58.785397,5.0,Joanna Kyrcz,0,0,https://www.google.com/maps/contrib/117611022354398125719/reviews?hl=en-IT,"https://www.google.it/maps/place/Pantheon/@41.8986108,12.4746842,17z/data=!3m1!4b1!4m7!3m6!1s0x132f604f678640a9:0xcad165fa2036ce2c!8m2!3d41.8986108!4d12.4768729!9m1!1b1
"
ChZDSUhNMG9nS0VJQ0FnSURTbmZTVlVnEAE,,3 days ago,2021-01-08 19:24:58.786002,5.0,gestcar auto,5,0,https://www.google.com/maps/contrib/117281793957082008459/reviews?hl=en-IT,"https://www.google.it/maps/place/Pantheon/@41.8986108,12.4746842,17z/data=!3m1!4b1!4m7!3m6!1s0x132f604f678640a9:0xcad165fa2036ce2c!8m2!3d41.8986108!4d12.4768729!9m1!1b1
"
ChdDSUhNMG9nS0VJQ0FnSURTbllpejZnRRAB,(Translated by Google) Unique historical monument of incredible architectural ingenuity and beauty  (Original) Monumento storico unico di incredibile ingegno architettonico e bellezza,3 days ago,2021-01-08 19:25:04.980640,5.0,nemo photographer,0,0,https://www.google.com/maps/contrib/105813331998431827487/reviews?hl=en-IT,"https://www.google.it/maps/place/Pantheon/@41.8986108,12.4746842,17z/data=!3m1!4b1!4m7!3m6!1s0x132f604f678640a9:0xcad165fa2036ce2c!8m2!3d41.8986108!4d12.4768729!9m1!1b1
"
ChZDSUhNMG9nS0VJQ0FnSURTclpTT0RBEAE,,3 days ago,2021-01-08 19:25:04.981240,5.0,Wolfgang K.,47,0,https://www.google.com/maps/contrib/115142205543632327054/reviews?hl=en-IT,"https://www.google.it/maps/place/Pantheon/@41.8986108,12.4746842,17z/data=!3m1!4b1!4m7!3m6!1s0x132f604f678640a9:0xcad165fa2036ce2c!8m2!3d41.8986108!4d12.4768729!9m1!1b1
"
ChZDSUhNMG9nS0VJQ0FnSURTemJQVlVREAE,Unique in the world!,3 days ago,2021-01-08 19:25:04.981829,5.0,Carlos Cordova,15,0,https://www.google.com/maps/contrib/103767367360388485966/reviews?hl=en-IT,"https://www.google.it/maps/place/Pantheon/@41.8986108,12.4746842,17z/data=!3m1!4b1!4m7!3m6!1s0x132f604f678640a9:0xcad165fa2036ce2c!8m2!3d41.8986108!4d12.4768729!9m1!1b1
"
ChZDSUhNMG9nS0VJQ0FnSURTamY2R05BEAE,,4 days ago,2021-01-08 19:25:04.982491,5.0,Quentin Caulle,0,0,https://www.google.com/maps/contrib/100358344947117559408/reviews?hl=en-IT,"https://www.google.it/maps/place/Pantheon/@41.8986108,12.4746842,17z/data=!3m1!4b1!4m7!3m6!1s0x132f604f678640a9:0xcad165fa2036ce2c!8m2!3d41.8986108!4d12.4768729!9m1!1b1
"
ChdDSUhNMG9nS0VJQ0FnSURTdGNmMi1nRRAB,,4 days ago,2021-01-08 19:25:04.983077,5.0,Sushanth Civi,8,0,https://www.google.com/maps/contrib/107478628700066060585/reviews?hl=en-IT,"https://www.google.it/maps/place/Pantheon/@41.8986108,12.4746842,17z/data=!3m1!4b1!4m7!3m6!1s0x132f604f678640a9:0xcad165fa2036ce2c!8m2!3d41.8986108!4d12.4768729!9m1!1b1
"
ChdDSUhNMG9nS0VJQ0FnSURTMWRqRThBRRAB,,5 days ago,2021-01-08 19:25:04.983715,5.0,Martina Molinari,0,0,https://www.google.com/maps/contrib/117488879610570352414/reviews?hl=en-IT,"https://www.google.it/maps/place/Pantheon/@41.8986108,12.4746842,17z/data=!3m1!4b1!4m7!3m6!1s0x132f604f678640a9:0xcad165fa2036ce2c!8m2!3d41.8986108!4d12.4768729!9m1!1b1
"
ChZDSUhNMG9nS0VJQ0FnSURTNWJQeEtREAE,Magnificent!!!! Extraordinary!!!!,5 days ago,2021-01-08 19:25:04.984306,5.0,Fê Soto,0,0,https://www.google.com/maps/contrib/116562461590503640241/reviews?hl=en-IT,"https://www.google.it/maps/place/Pantheon/@41.8986108,12.4746842,17z/data=!3m1!4b1!4m7!3m6!1s0x132f604f678640a9:0xcad165fa2036ce2c!8m2!3d41.8986108!4d12.4768729!9m1!1b1
"
ChdDSUhNMG9nS0VJQ0FnSURTcGNQdjZ3RRAB,,5 days ago,2021-01-08 19:25:04.984893,5.0,Gabriele Brozzetti,6,0,https://www.google.com/maps/contrib/107062678507439777766/reviews?hl=en-IT,"https://www.google.it/maps/place/Pantheon/@41.8986108,12.4746842,17z/data=!3m1!4b1!4m7!3m6!1s0x132f604f678640a9:0xcad165fa2036ce2c!8m2!3d41.8986108!4d12.4768729!9m1!1b1
"
ChZDSUhNMG9nS0VJQ0FnSURTcFpMcGRnEAE,A classic architectural wonder of ancient Rome,6 days ago,2021-01-08 19:25:04.985481,5.0,Arun Gupta,16,0,https://www.google.com/maps/contrib/113544911396036788946/reviews?hl=en-IT,"https://www.google.it/maps/place/Pantheon/@41.8986108,12.4746842,17z/data=!3m1!4b1!4m7!3m6!1s0x132f604f678640a9:0xcad165fa2036ce2c!8m2!3d41.8986108!4d12.4768729!9m1!1b1
"
ChZDSUhNMG9nS0VJQ0FnSURTeFlhT1JREAE,"(Translated by Google) great, beautiful monument  (Original) super, krásná památka",6 days ago,2021-01-08 19:25:04.986074,5.0,HEKY,0,0,https://www.google.com/maps/contrib/102347877610165763772/reviews?hl=en-IT,"https://www.google.it/maps/place/Pantheon/@41.8986108,12.4746842,17z/data=!3m1!4b1!4m7!3m6!1s0x132f604f678640a9:0xcad165fa2036ce2c!8m2!3d41.8986108!4d12.4768729!9m1!1b1
"
